HORA;bandera;liga;HOME;AWAY;;ARBITRO;;1X2;TEN HOME;TEN AWAY;TIROS HOME;TIROS AWAY;GOLES HOME;GOLES AWAY;GOLES TOTAL;COR HOME;COR AWAY;CORNERS;FALTAS HOME;FALTAS AWAY;AMARILLAS HOME;AMARILLAS AWAY;ARBITRO AMARILLAS;AMARILLAS TOTAL;ROJAS HOME;ROJAS AWAY;ARBITRO ROJAS;ROJAS TOTAL;PENALTIS HOME;PENALTIS AWAY;ARBITRO PENALTIS;PENALTIS TOTAL;GAT;1;X;2;+2.5;-2.5;AEMSI;AEMNO;POISSON_LAMBDA_HOME;POISSON_LAMBDA_AWAY;P_CUOTA_1;P_CUOTA_X;P_CUOTA_2;P_CUOTA_OVER25;P_CUOTA_UNDER25;CASA_PROB_1;CASA_PROB_X;CASA_PROB_2;CASA_PROB_OVER25;CASA_PROB_UNDER25;MARGEN_CASA_1X2;MARGEN_CASA_GOLES;VALUE_1;VALUE_X;VALUE_2;VALUE_OVER25;VALUE_UNDER25;RECOMENDACION;URL flashscore;Slug HOME;Slug AWAY;URL_2H
9:00;Imagen;AUS;Newcastle Jets;Central Coast Mariners;+;;;15.00%;4.314433768;2.670368767;15.31;11.27;1.958627425;1.302841776;3.261469202;5.58;3.54;9.12;8.96;9.27;1.485;1.6775;0;1.58125;0.075;0.195;0;0.135;#N/D;#N/D;0;0;#N/D;1.47;4.6;5;1.28;3.5;1.4;2.8;1.958627425;1.302841776;0.511933928;0.219349922;0.251379171;0.61543979;0.36722323;0.680272109;0.217391304;0.2;0.78125;0.285714286;0.097663413;0.066964286;-0.168338181;0.001958618;0.051379171;-0.16581021;0.081508944;UNDER2.5;https://www.flashscore.mobi/match/OG4JsdLk/?t=stats;newcastle-jets-EaZ5xZo0;central-coast-Wzp1wFWg;https://www.flashscore.com/match/football/newcastle-jets-EaZ5xZo0/central-coast-Wzp1wFWg/summary/stats/2nd-half/?mid=OG4JsdLk
11:35;Imagen;AUS;WS Wanderers;Melbourne Victory;+;Daniel Elder;G;-18.00%;2.014484952;4.679855076;14.885;15.805;1.391307463;2.483032566;3.874340028;4.965;5.345;10.31;10.155;8.54;1.6175;1.7925;3.445;3.4275;0.04;0.115;0.135;0.15175;0.090909091;0.045454545;0.35;0.243181818;#N/D;3.1;3.5;2.05;1.53;2.4;1.44;2.5;1.391307463;2.483032566;0.199330492;0.184110285;0.572682907;0.699023756;0.257099927;0.322580645;0.285714286;0.487804878;0.653594771;0.416666667;0.096099809;0.070261438;-0.123250153;-0.101604001;0.084878029;0.045428985;-0.159566739;2;https://www.flashscore.mobi/match/dU2Ruzj2/?t=stats;western-sydney-wanderers-l00pXxBN;melbourne-victory-Qql6CzOP;https://www.flashscore.com/match/football/western-sydney-wanderers-l00pXxBN/melbourne-victory-Qql6CzOP/summary/stats/2nd-half/?mid=dU2Ruzj2
13:45;Imagen;AUS;Perth Glory;Brisbane Roar;+;Tim Danaskos;G;8.00%;2.506445462;2.229837972;14.265;12.805;1.233353172;1.082930263;2.316283435;4.73;5.035;9.765;10.81;9.265;1.7625;1.86;3.175;3.39875;0;0.115;0.195;0.16475;0.15;0.15;0.14;0.22;#N/D;2.35;3.4;2.7;1.67;2.1;1.57;2.3;1.233353172;1.082930263;0.394547121;0.281479804;0.321360945;0.405662507;0.591725363;0.425531915;0.294117647;0.37037037;0.598802395;0.476190476;0.090019932;0.074992871;-0.030984794;-0.012637843;-0.049009425;-0.193139888;0.115534887;UNDER2.5;https://www.flashscore.mobi/match/CxoE3wr9/?t=stats;perth-glory-hjY9yg16;brisbane-roar-SSr7kDGC;https://www.flashscore.com/match/football/perth-glory-hjY9yg16/brisbane-roar-SSr7kDGC/summary/stats/2nd-half/?mid=CxoE3wr9
16:00;Imagen;BEL;Leuven;Charleroi;#N/D;Anthony Letellier;G;#N/D;#N/D;#N/D;13.855;11.5;#N/D;#N/D;;4.825;5.54;10.365;12.75;12.355;2.15;2.22;3.725;4.0475;0.035;0.035;0.145;0.11475;0.2;0.11;0;0.155;#N/D;2.8;3.25;2.35;1.85;1.85;#N/D;#N/D;#N/D;#N/D;#N/D;#N/D;#N/D;#N/D;#N/D;0.357142857;0.307692308;0.425531915;0.540540541;0.540540541;0.09036708;0.081081081;#N/D;#N/D;#N/D;#N/D;#N/D;#N/D;https://www.flashscore.mobi/match/vZt9tE0K/?t=stats;leuven-dYlTycNN;charleroi-WIPDJ0hb;https://www.flashscore.com/match/football/leuven-dYlTycNN/charleroi-WIPDJ0hb/summary/stats/2nd-half/?mid=vZt9tE0K
18:15;Imagen;BEL;Genk;St. Liege;#N/D;Lothar D'hondt;G;#N/D;#N/D;#N/D;16.915;9.145;#N/D;#N/D;;6.85;3.655;10.505;10.72;11.99;1.5;1.96;4.125;3.7925;0.035;0.18;0.28;0.2615;0;0.06;0.37;0.215;#N/D;1.65;3.7;4.75;1.8;1.91;#N/D;#N/D;#N/D;#N/D;#N/D;#N/D;#N/D;#N/D;#N/D;0.606060606;0.27027027;0.210526316;0.555555556;0.523560209;0.086857192;0.079115765;#N/D;#N/D;#N/D;#N/D;#N/D;#N/D;https://www.flashscore.mobi/match/tQ9fjUSh/?t=stats;genk-r3jWUIiN;st-liege-vsnvCI6G;https://www.flashscore.com/match/football/genk-r3jWUIiN/st-liege-vsnvCI6G/summary/stats/2nd-half/?mid=tQ9fjUSh
20:45;Imagen;BEL;Westerlo;Antwerp;#N/D;Nicolas Laforge;G;#N/D;#N/D;#N/D;15.43;10.14;#N/D;#N/D;;5.46;3.895;9.355;11.145;13.105;1.8875;2.155;4.595;4.31875;0.175;0.07;0.235;0.25175;0.11;0.176470588;0.05;0.168235294;#N/D;2.05;3.3;3.25;1.75;1.95;#N/D;#N/D;#N/D;#N/D;#N/D;#N/D;#N/D;#N/D;#N/D;0.487804878;0.303030303;0.307692308;0.571428571;0.512820513;0.098527489;0.084249084;#N/D;#N/D;#N/D;#N/D;#N/D;#N/D;https://www.flashscore.mobi/match/C2JeFy2L/?t=stats;westerlo-hYaM5Gqp;antwerp-rVpPxw8H;https://www.flashscore.com/match/football/westerlo-hYaM5Gqp/antwerp-rVpPxw8H/summary/stats/2nd-half/?mid=C2JeFy2L
23:30;Imagen;BRA;Bahia;Santos;+;Ramon Abatti Abel;G;31.67%;5.029521956;1.262553727;14.75;15.25;2.202552381;0.886189968;3.088742349;5.25;6;11.25;;;1.885;2.22;4.865;4.485;0.165;0;0.36;0.2805;0.339285714;0.125;0.4;0.432142857;#N/D;1.67;3.5;4.8;1.91;1.8;1.83;1.91;2.202552381;0.886189968;0.648308809;0.188527241;0.137823749;0.571054941;0.403604857;0.598802395;0.285714286;0.208333333;0.523560209;0.555555556;0.092850014;0.079115765;0.049506414;-0.097187045;-0.070509584;0.047494732;-0.151950698;1;https://www.flashscore.mobi/match/K4gc7Jt4/?t=stats;bahia-UeD7XtzM;santos-n3QdnjFB;https://www.flashscore.com/match/football/bahia-UeD7XtzM/santos-n3QdnjFB/summary/stats/2nd-half/?mid=K4gc7Jt4
23:30;Imagen;BRA;Botafogo RJ;Internacional;+;Fernando Antonio Mendes;G;14.00%;3.804414284;2.615911125;12.5;15.25;1.516571429;1.113753981;2.630325409;4.25;7.25;11.5;;;2.7625;2.45;5.275;5.24375;0.25;0;0.565;0.43575;0.196428571;0.133928571;0.4;0.365178571;#N/D;2.55;2.9;2.8;2.1;1.67;1.83;1.91;1.516571429;1.113753981;0.460618472;0.255888149;0.277772873;0.483436034;0.510843461;0.392156863;0.344827586;0.357142857;0.476190476;0.598802395;0.094127306;0.074992871;0.068461609;-0.088939437;-0.079369984;0.007245557;-0.087958934;1;https://www.flashscore.mobi/match/MkH55xfJ/?t=stats;botafogo-rj-jXzWoWa5;internacional-tSCiHj0I;https://www.flashscore.com/match/football/botafogo-rj-jXzWoWa5/internacional-tSCiHj0I/summary/stats/2nd-half/?mid=MkH55xfJ
23:30;Imagen;BRA;Remo;Cruzeiro;+;Wilton Pereira Sampaio;G;-7.67%;2.547181414;2.835599682;15;13;1.933452381;1.385995382;3.319447763;5.75;5.75;11.5;;;2.5075;2.195;5.2;4.95125;0.125;0;0.28;0.2165;0.0625;0.125;0.3;0.24375;#N/D;3.2;3.1;2.15;1.95;1.75;1.75;1.95;1.933452381;1.385995382;0.489032669;0.220968705;0.272713021;0.627178633;0.355535762;0.3125;0.322580645;0.465116279;0.512820513;0.571428571;0.100196924;0.084249084;0.176532669;-0.10161194;-0.192403258;0.11435812;-0.215892809;1;https://www.flashscore.mobi/match/GWn65cBG/?t=stats;remo-2i0B6Zul;cruzeiro-0SwtclaU;https://www.flashscore.com/match/football/remo-2i0B6Zul/cruzeiro-0SwtclaU/summary/stats/2nd-half/?mid=GWn65cBG
13:00;Imagen;CHI;Chengdu Rongcheng;Zhejiang FC;+;;;60.33%;9.199274261;0.210908347;;;3.706706731;0.593475877;4.300182608;#N/D;#N/D;#N/D;;;1.625;1.875;0;1.75;0;0.125;0;0.0625;0.285714286;0;0;0.142857143;#N/D;1.4;4.5;6.5;1.44;2.5;1.61;2.2;3.706706731;0.593475877;0.738258381;0.064433666;0.026406599;0.631766861;0.197331785;0.714285714;0.222222222;0.153846154;0.694444444;0.4;0.09035409;0.094444444;0.023972667;-0.157788556;-0.127439555;-0.062677584;-0.202668215;1;https://www.flashscore.mobi/match/MFmIYJG6/?t=stats;chengdu-rongcheng-ILi3oBgH;zhejiang-professional-ncsQGOBL;https://www.flashscore.com/match/football/chengdu-rongcheng-ILi3oBgH/zhejiang-professional-ncsQGOBL/summary/stats/2nd-half/?mid=MFmIYJG6
13:35;Imagen;CHI;Beijing Guoan;Tianjin Jinmen Tiger;+;;;-1.00%;2.77137933;1.367476946;;;1.350961538;0.657894737;2.008856275;5.965;4.2;10.165;;;1.915;2.75;0;2.3325;0.165;0.165;0;0.165;0.142857143;0.214285714;0;0.178571429;#N/D;1.44;4.2;6;1.55;2.3;1.65;2.15;1.350961538;0.657894737;0.53297041;0.282624098;0.181648907;0.322964116;0.674279299;0.694444444;0.238095238;0.166666667;0.64516129;0.434782609;0.099206349;0.079943899;-0.161474035;0.04452886;0.01498224;-0.322197174;0.23949669;UNDER2.5;https://www.flashscore.mobi/match/EN5PWcoJ/?t=stats;beijing-guoan-WSLjVBLN;tianjin-jinmen-tiger-tCx1gsk2;https://www.flashscore.com/match/football/beijing-guoan-WSLjVBLN/tianjin-jinmen-tiger-tCx1gsk2/summary/stats/2nd-half/?mid=EN5PWcoJ
14:00;Imagen;CHI;Shanghai Port;Wuhan Three Towns;+;;;16.67%;4.53145837;1.819819042;;;2.7515625;1.103048246;3.854610746;6.8;3.465;10.265;;;1.665;1.895;0;1.78;0.165;0.165;0;0.165;0.142857143;0.071428571;0;0.107142857;#N/D;1.75;3.6;4.2;1.61;2.15;1.61;2.15;2.7515625;1.103048246;0.658245208;0.154202196;0.125664576;0.677922164;0.260189816;0.571428571;0.277777778;0.238095238;0.621118012;0.465116279;0.087301587;0.086234291;0.086816637;-0.123575582;-0.112430662;0.056804152;-0.204926464;1;https://www.flashscore.mobi/match/6HhBf1wQ/?t=stats;shanghai-port-O88o93rn;wuhan-three-towns-SfLUTe08;https://www.flashscore.com/match/football/shanghai-port-O88o93rn/wuhan-three-towns-SfLUTe08/summary/stats/2nd-half/?mid=6HhBf1wQ
13:30;Imagen;ENG;Fulham;Aston Villa;+;Michael Oliver;G;1.67%;3.506811159;3.054665329;13.705;11.115;1.579780488;1.068362667;2.648143154;5.03;5.395;10.425;11.585;10.185;1.905;1.8975;3.365;3.58375;0.035;0.065;0.125;0.11875;0.075;0.075;0.08;0.115;#N/D;2.62;3.4;2.45;1.75;2.05;1.67;2.2;1.579780488;1.068362667;0.486283493;0.251172937;0.256022887;0.487067578;0.50641174;0.381679389;0.294117647;0.408163265;0.571428571;0.487804878;0.083960302;0.059233449;0.104604104;-0.04294471;-0.152140378;-0.084360993;0.018606862;1;https://www.flashscore.mobi/match/CpqK7xA4/?t=stats;fulham-69ZiU2Om;aston-villa-W00wmLO0;https://www.flashscore.com/match/football/fulham-69ZiU2Om/aston-villa-W00wmLO0/summary/stats/2nd-half/?mid=CpqK7xA4
16:00;Imagen;ENG;Liverpool;Crystal Palace;+;Andrew Madley;G;11.67%;4.171051203;2.491969285;15.23;10.115;1.393113821;0.869906667;2.263020488;5.935;4.32;10.255;9.42;10.85;1.4;1.765;3.145;3.155;0.1;0.035;0.18;0.1665;0.08;0.125;0.35;0.2775;#N/D;1.47;4.5;5.5;1.57;2.3;1.67;2.15;1.393113821;0.869906667;0.488444725;0.273864546;0.234278629;0.390719841;0.605868058;0.680272109;0.222222222;0.181818182;0.636942675;0.434782609;0.084312513;0.071725284;-0.191827384;0.051642323;0.052460447;-0.246222834;0.171085449;UNDER2.5;https://www.flashscore.mobi/match/YaXS5GvH/?t=stats;liverpool-lId4TMwf;crystal-palace-AovF1Mia;https://www.flashscore.com/match/football/liverpool-lId4TMwf/crystal-palace-AovF1Mia/summary/stats/2nd-half/?mid=YaXS5GvH
16:00;Imagen;ENG;West Ham;Everton;+;Stuart Attwell;G;-15.67%;2.326877608;3.327596985;13.535;11.18;1.260807927;1.250333333;2.51114126;5.895;4.395;10.29;11.25;10.64;1.675;1.9075;4.33;3.95625;0.07;0.035;0.14;0.1295;0.09;0.105;0.38;0.2875;#N/D;2.35;3.2;2.9;1.91;1.85;1.65;2.2;1.260807927;1.250333333;0.365907509;0.269335144;0.361002242;0.455286486;0.540958409;0.425531915;0.3125;0.344827586;0.523560209;0.540540541;0.082859501;0.06410075;-0.059624406;-0.043164856;0.016174656;-0.068273723;0.000417869;2;https://www.flashscore.mobi/match/h44gMyPc/?t=stats;west-ham-Cxq57r8g;everton-KluSTr9s;https://www.flashscore.com/match/football/west-ham-Cxq57r8g/everton-KluSTr9s/summary/stats/2nd-half/?mid=h44gMyPc
16:00;Imagen;ENG;Wolves;Tottenham;+;Anthony Taylor;G;0.33%;2.210649844;2.532825428;11.57;11.225;1.546127439;1.2340145;2.780141939;3.69;5.145;8.835;10.975;10.77;1.77;1.9975;3.835;3.80125;0.035;0.035;0.135;0.10925;0.1;0.025;0.15;0.1375;#N/D;4.4;3.9;1.7;1.67;2.2;1.73;2.1;1.546127439;1.2340145;0.440414109;0.250332968;0.302394322;0.518940667;0.474200732;0.227272727;0.256410256;0.588235294;0.598802395;0.454545455;0.071918278;0.05334785;0.213141382;-0.006077288;-0.285840972;-0.079861728;0.019655277;1;https://www.flashscore.mobi/match/bHZgKFgA/?t=stats;wolves-j3Azpf5d;tottenham-UDg08Ohm;https://www.flashscore.com/match/football/wolves-j3Azpf5d/tottenham-UDg08Ohm/summary/stats/2nd-half/?mid=bHZgKFgA
18:30;Imagen;ENG;Arsenal;Newcastle;+;Samuel Barrott;G;30.00%;5.95410084;1.411955802;13.68;9.175;2.358310976;0.831079;3.189389976;5.325;4.575;9.9;9.93;10.285;1.535;1.8925;3.545;3.48625;0.035;0.07;0.07;0.091;0.12;0.075;0.3;0.2475;#N/D;1.44;4.5;6;1.57;2.37;1.67;2.15;2.358310976;0.831079;0.680964893;0.171257917;0.114339543;0.58443987;0.382122482;0.694444444;0.222222222;0.166666667;0.636942675;0.421940928;0.083333333;0.058883603;-0.013479552;-0.050964306;-0.052327123;-0.052502805;-0.039818446;SinValue;https://www.flashscore.mobi/match/OQsq6PYa/?t=stats;arsenal-hA1Zm19f;newcastle-utd-p6ahwuwJ;https://www.flashscore.com/match/football/arsenal-hA1Zm19f/newcastle-utd-p6ahwuwJ/summary/stats/2nd-half/?mid=OQsq6PYa
13:30;Imagen;ENG ²;Charlton;Hull;+;Tom Nield;G;-13.33%;2.169035873;3.24361929;;;1.042635417;1.206686413;2.24932183;6.09;3.945;10.035;;;1.7175;1.8325;3.44;3.495;0.12;0.11;0.06;0.148;0.07;0.06;0.18;0.155;#N/D;2.8;3.1;2.45;1.91;1.8;1.7;2.05;1.042635417;1.206686413;0.31529733;0.286220938;0.396203961;0.388202025;0.609520204;0.357142857;0.322580645;0.408163265;0.523560209;0.555555556;0.087886768;0.079115765;-0.041845527;-0.036359708;-0.011959304;-0.135358185;0.053964649;UNDER2.5;https://www.flashscore.mobi/match/YL2Bii8C/?t=stats;charlton-fXf5mQ7t;hull-city-S66R0t75;https://www.flashscore.com/match/football/charlton-fXf5mQ7t/hull-city-S66R0t75/summary/stats/2nd-half/?mid=YL2Bii8C
13:30;Imagen;ENG ²;Middlesbrough;Watford;+;Adam Herczeg;G;16.00%;3.692124819;1.390360326;;;1.45395;0.648535145;2.102485145;6.09;4.675;10.765;;;1.54;1.835;3.525;3.45;0;0.06;0.12;0.096;0.02;0.095;0.09;0.1025;#N/D;1.4;4.6;6.5;1.57;2.25;1.73;2;1.45395;0.648535145;0.562725123;0.267505825;0.165869861;0.347140446;0.648960362;0.714285714;0.217391304;0.153846154;0.636942675;0.444444444;0.085523172;0.08138712;-0.151560591;0.05011452;0.012023707;-0.289802229;0.204515918;UNDER2.5;https://www.flashscore.mobi/match/KG7Vdnph/?t=stats;middlesbrough-6F0lvLNC;watford-UmMRoGzp;https://www.flashscore.com/match/football/middlesbrough-6F0lvLNC/watford-UmMRoGzp/summary/stats/2nd-half/?mid=KG7Vdnph
13:30;Imagen;ENG ²;West Brom;Ipswich;+;Matthew Donohue;G;-9.33%;3.461066298;3.017359607;;;1.423933333;0.881159239;2.305092572;5.05;3.91;8.96;;;1.97;2.0075;4.52;4.24875;0.095;0;0.095;0.09975;0.04;0.12;0.67;0.415;#N/D;3.4;3.3;2.05;1.95;1.75;1.85;1.85;1.423933333;0.881159239;0.493641509;0.270089474;0.232488792;0.40153097;0.594688805;0.294117647;0.303030303;0.487804878;0.512820513;0.571428571;0.084952828;0.084249084;0.199523862;-0.032940829;-0.255316086;-0.111289543;0.023260233;1;https://www.flashscore.mobi/match/UVYBiCP9/?t=stats;west-brom-CCBWpzjj;ipswich-thqhB2MB;https://www.flashscore.com/match/football/west-brom-CCBWpzjj/ipswich-thqhB2MB/summary/stats/2nd-half/?mid=UVYBiCP9
16:00;Imagen;ENG ²;Birmingham;Bristol City;+;Robert Jones;G;9.00%;3.557487595;2.069168673;;;1.3229425;0.740380435;2.063322935;5.675;4.47;10.145;;;1.915;2.0025;4.05;3.98375;0.06;0.09;0.05;0.1025;0.05;0.02;0.25;0.16;#N/D;1.73;3.6;4.4;1.75;1.95;1.73;2;1.3229425;0.740380435;0.50301511;0.285450381;0.208982526;0.337905618;0.659542398;0.578034682;0.277777778;0.227272727;0.571428571;0.512820513;0.083085187;0.084249084;-0.075019572;0.007672603;-0.018290202;-0.233522953;0.146721885;UNDER2.5;https://www.flashscore.mobi/match/tEp4gDw0/?t=stats;birmingham-SWk4muv7;bristol-city-MahqU27I;https://www.flashscore.com/match/football/birmingham-SWk4muv7/bristol-city-MahqU27I/summary/stats/2nd-half/?mid=tEp4gDw0
16:00;Imagen;ENG ²;Norwich;Swansea;+;;;12.33%;4.21923111;2.357203628;;;1.868409375;0.991358696;2.859768071;5.355;4.47;9.825;;;1.705;2;0;1.8525;0.06;0;0;0.03;0.06;0.06;0;0.06;#N/D;1.67;3.9;4.4;1.67;2.1;1.7;2.05;1.868409375;0.991358696;0.566860472;0.223884518;0.196424695;0.531840171;0.455329514;0.598802395;0.256410256;0.227272727;0.598802395;0.476190476;0.082485379;0.074992871;-0.031941924;-0.032525738;-0.030848032;-0.066962225;-0.020860962;SinValue;https://www.flashscore.mobi/match/lpFaIW2F/?t=stats;norwich-Qo6off6p;swansea-K6xezbY7;https://www.flashscore.com/match/football/norwich-Qo6off6p/swansea-K6xezbY7/summary/stats/2nd-half/?mid=lpFaIW2F
16:00;Imagen;ENG ²;Oxford Utd;Sheff Wed;+;Bobby Madley;G;22.67%;2.926086766;0.460070571;;;1.17804375;0.43144692;1.60949067;5.37;5.23;10.6;;;1.5475;1.82;3.9;3.63375;0.03;0.115;0.24;0.2045;0.05;0.040833333;0.1;0.095416667;#N/D;1.44;4.4;6;1.85;1.85;2.05;1.7;1.17804375;0.43144692;0.54781786;0.315305706;0.135502453;0.217723063;0.780902956;0.694444444;0.227272727;0.166666667;0.540540541;0.540540541;0.088383838;0.081081081;-0.146626584;0.088032979;-0.031164214;-0.322817477;0.240362415;UNDER2.5;https://www.flashscore.mobi/match/Gr1veQE4/?t=stats;oxford-utd-vgOBT43c;sheffield-wed-llcCvIcG;https://www.flashscore.com/match/football/oxford-utd-vgOBT43c/sheffield-wed-llcCvIcG/summary/stats/2nd-half/?mid=Gr1veQE4
16:00;Imagen;ENG ²;QPR;Derby;+;John Busby;G;-5.00%;3.088825011;3.310031828;;;1.514138542;1.18805163;2.702190172;6.06;3.38;9.44;;;1.635;1.9725;3.805;3.70625;0.06;0.06;0.135;0.13425;0.09;0.09;0.16;0.17;#N/D;2.9;3.4;2.2;1.75;1.95;1.61;2.15;1.514138542;1.18805163;0.44308563;0.254087695;0.296747392;0.500832587;0.49308813;0.344827586;0.294117647;0.454545455;0.571428571;0.512820513;0.093490688;0.084249084;0.098258043;-0.040029952;-0.157798062;-0.070595985;-0.019732383;1;https://www.flashscore.mobi/match/ldang4qH/?t=stats;qpr-lrMHUHDc;derby-Iug0YO0Q;https://www.flashscore.com/match/football/qpr-lrMHUHDc/derby-Iug0YO0Q/summary/stats/2nd-half/?mid=ldang4qH
16:00;Imagen;ENG ²;Sheff Utd;Preston;+;Andrew Kitchen;G;7.00%;3.757231736;2.430303681;;;1.914547917;1.246320833;3.16086875;6.895;4.08;10.975;;;1.3875;1.7425;3.21;3.17;0.085;0.115;0.05;0.1275;0.05;0.08;0;0.065;#N/D;1.6;4.33;4.5;1.61;2.2;1.67;2.1;1.914547917;1.246320833;0.516252282;0.222482248;0.245805306;0.596409504;0.388130331;0.625;0.230946882;0.222222222;0.621118012;0.454545455;0.078169104;0.075663467;-0.108747718;-0.008464634;0.023583083;-0.024708508;-0.066415124;2;https://www.flashscore.mobi/match/8bFmirET/?t=stats;sheffield-utd-MeKPSerA;preston-x8IDVcbi;https://www.flashscore.com/match/football/sheffield-utd-MeKPSerA/preston-x8IDVcbi/summary/stats/2nd-half/?mid=8bFmirET
16:00;Imagen;ENG ²;Stoke;Portsmouth;+;David Webb;G;3.00%;3.601228583;2.748915583;;;2.0547025;1.228775;3.2834775;5.955;4.785;10.74;;;1.675;1.7125;2.835;3.11125;0.06;0.03;0.075;0.08625;0.041666667;0.040833333;0.17;0.12625;#N/D;2.62;3.1;2.62;1.95;1.75;1.75;1.95;2.0547025;1.228775;0.545688399;0.211603018;0.222431971;0.616967933;0.362755455;0.381679389;0.322580645;0.381679389;0.512820513;0.571428571;0.085939424;0.084249084;0.16400901;-0.110977627;-0.159247418;0.10414742;-0.208673116;1;https://www.flashscore.mobi/match/M5V3gYfc/?t=stats;stoke-city-hSUajdSS;portsmouth-zckREQFJ;https://www.flashscore.com/match/football/stoke-city-hSUajdSS/portsmouth-zckREQFJ/summary/stats/2nd-half/?mid=M5V3gYfc
15:00;Imagen;FRA;Lyon;Auxerre;+;Ruddy Buquet;G;37.67%;4.563686026;0.607401613;13.34;9.54;1.404578992;0.626508648;2.031087639;4.995;4.025;9.02;14.065;13.23;1.7475;2.115;3.205;3.53375;0.045;0.22;0.205;0.24525;0.05;0.05;0.21;0.155;#N/D;1.63;3.8;4.8;1.8;2;1.85;1.91;1.404578992;0.626508648;0.556029481;0.274662355;0.166007024;0.32843628;0.66826258;0.613496933;0.263157895;0.208333333;0.555555556;0.5;0.084988161;0.055555556;-0.057467451;0.01150446;-0.04232631;-0.227119275;0.16826258;UNDER2.5;https://www.flashscore.mobi/match/OIeZkb9a/?t=stats;lyon-2akflumR;auxerre-MTLr36WA;https://www.flashscore.com/match/football/lyon-2akflumR/auxerre-MTLr36WA/summary/stats/2nd-half/?mid=OIeZkb9a
19:00;Imagen;FRA;Angers;PSG;+;Jérémy Stinat;G;-38.67%;1.118579123;5.517194351;9.99;14.715;0.643797059;1.905309748;2.549106807;3.855;5.26;9.115;11.13;10.625;1.7975;1.5025;3.765;3.5325;0.115;0.08;0.395;0.295;0.035;0.105;0.15;0.145;#N/D;10;5.5;1.25;1.44;2.62;1.95;1.83;0.643797059;1.905309748;0.117522175;0.207740628;0.661297064;0.455280165;0.531279701;0.1;0.181818182;0.8;0.694444444;0.381679389;0.081818182;0.076123834;0.017522175;0.025922446;-0.138702936;-0.239164279;0.149600312;UNDER2.5;https://www.flashscore.mobi/match/MyU2ijT6/?t=stats;angers-SAlF91iL;psg-CjhkPw0k;https://www.flashscore.com/match/football/angers-SAlF91iL/psg-CjhkPw0k/summary/stats/2nd-half/?mid=MyU2ijT6
21:05;Imagen;FRA;Toulouse;Monaco;+;Clément Turpin;G;-23.33%;2.511214565;4.850170507;15.28;10.51;1.516479412;2.078238994;3.594718405;5.275;4.48;9.755;12.29;13.48;1.6625;2.1625;3.1;3.4625;0.125;0.125;0.245;0.2475;0.13;0.185;0.23;0.2725;#N/D;3.4;3.6;1.95;1.67;2.15;1.61;2.3;1.516479412;2.078238994;0.277054607;0.211429418;0.487358859;0.672159795;0.30368309;0.294117647;0.277777778;0.512820513;0.598802395;0.465116279;0.084715938;0.063918674;-0.01706304;-0.066348359;-0.025461654;0.073357399;-0.16143319;OVER2.5;https://www.flashscore.mobi/match/WraslxvC/?t=stats;toulouse-MLmY2yB1;monaco-2PIvr8o4;https://www.flashscore.com/match/football/toulouse-MLmY2yB1/monaco-2PIvr8o4/summary/stats/2nd-half/?mid=WraslxvC
14:00;Imagen;FRA ²;Grenoble;Le Mans;+;Brendan Roffet;G;-34.67%;1.189719426;4.676917214;;;0.640745168;1.63255814;2.273303308;5.01;5.275;10.285;;;1.825;1.9825;3.63;3.71875;0.08;0.2;0.285;0.2825;0.06;0.11;0.36;0.265;#N/D;3.9;3.3;1.88;1.85;1.85;1.75;1.95;0.640745168;1.63255814;0.143380088;0.242350728;0.607579066;0.390179483;0.603130399;0.256410256;0.303030303;0.531914894;0.540540541;0.540540541;0.091355453;0.081081081;-0.113030168;-0.060679575;0.075664172;-0.150361057;0.062589858;2;https://www.flashscore.mobi/match/nXYib9lD/?t=stats;grenoble-UgPj1p1N;le-mans-ER0NeOOp;https://www.flashscore.com/match/football/grenoble-UgPj1p1N/le-mans-ER0NeOOp/summary/stats/2nd-half/?mid=nXYib9lD
14:00;Imagen;FRA ²;Reims;Nancy;+;Gaël Angoula;G;25.67%;4.600495994;0.959645842;;;1.898587185;0.618221318;2.516808503;5.615;2.855;8.47;;;1.715;1.72;3.135;3.285;0.04;0.24;0.13;0.205;0.1;0.1;0.36;0.28;#N/D;1.53;4;5.5;1.67;2.1;1.75;1.95;1.898587185;0.618221318;0.666805291;0.207162546;0.112811358;0.447270418;0.539508776;0.653594771;0.25;0.181818182;0.598802395;0.476190476;0.085412953;0.074992871;0.01321052;-0.042837454;-0.069006824;-0.151531977;0.0633183;UNDER2.5;https://www.flashscore.mobi/match/Iisy2ikl/?t=stats;reims-tItR6sEf;nancy-dnIrsS0A;https://www.flashscore.com/match/football/reims-tItR6sEf/nancy-dnIrsS0A/summary/stats/2nd-half/?mid=Iisy2ikl
20:00;Imagen;FRA²;St. Etienne;Troyes;+;Antoine Valnet;G;6.00%;4.898652206;3.2361319;;;1.818094958;1.200022481;3.018117439;4.79;4.325;9.115;;;1.65;1.9525;3.85;3.72625;0.115;0.16;0.165;0.22;0.095;0.13;0.2;0.2125;#N/D;1.95;3.4;3.5;1.67;2.1;1.57;2.25;1.818094958;1.200022481;0.507743493;0.22994549;0.2499703;0.568515984;0.419143298;0.512820513;0.294117647;0.285714286;0.598802395;0.476190476;0.092652446;0.074992871;-0.00507702;-0.064172157;-0.035743986;-0.030286411;-0.057047178;SinValue;https://www.flashscore.mobi/match/2Ju49ZdE/?t=stats;st-etienne-YL2QybFe;troyes-fsfAHubD;https://www.flashscore.com/match/football/st-etienne-YL2QybFe/troyes-fsfAHubD/summary/stats/2nd-half/?mid=2Ju49ZdE
15:30;Imagen;GER;Augsburg;Frankfurt;+;Harm Osmers;G;3.00%;3.402137052;3.402328753;13.355;12.25;1.759889138;1.65791;3.417799138;5.065;4.52;9.585;10.385;11.44;2.055;2.07;5.41;4.7675;0.125;0.115;0.13;0.185;0.1;0.15;0.67;0.46;#N/D;2.55;3.5;2.45;1.53;2.45;1.44;2.62;1.759889138;1.65791;0.399076588;0.225443484;0.359049672;0.647250683;0.336319061;0.392156863;0.285714286;0.408163265;0.653594771;0.408163265;0.086034414;0.061758037;0.006919726;-0.060270802;-0.049113594;-0.006344088;-0.071844204;1;https://www.flashscore.mobi/match/b5NleS9T/?t=stats;augsburg-fTVNku3I;eintracht-frankfurt-8vndvXTk;https://www.flashscore.com/match/football/augsburg-fTVNku3I/eintracht-frankfurt-8vndvXTk/summary/stats/2nd-half/?mid=b5NleS9T
15:30;Imagen;GER;FC Koln;Leverkusen;+;Robert Hartmann;G;-22.33%;2.768401332;4.500450326;13.885;12.655;1.819386897;1.996131429;3.815518325;4.96;4.54;9.5;10;10.31;1.9125;2.1625;4.025;4.05;0.15;0.04;0.27;0.23;0.15;0.165;0.2;0.2575;#N/D;3.6;3.8;1.83;1.57;2.37;1.55;2.4;1.819386897;1.996131429;0.348606397;0.211575362;0.412681329;0.70646368;0.266399408;0.277777778;0.263157895;0.546448087;0.636942675;0.421940928;0.08738376;0.058883603;0.070828619;-0.051582533;-0.133766759;0.069521004;-0.15554152;1;https://www.flashscore.mobi/match/fR56D9Pc/?t=stats;1-fc-koln-WG9pOTse;bayer-leverkusen-4jcj2zMd;https://www.flashscore.com/match/football/1-fc-koln-WG9pOTse/bayer-leverkusen-4jcj2zMd/summary/stats/2nd-half/?mid=fR56D9Pc
15:30;Imagen;GER;Heidenheim;St. Pauli;+;Felix Zwayer;G;-4.33%;2.420036513;2.243629004;12.31;12.615;1.697215517;0.98645;2.683665517;5.575;4;9.575;9.575;10.575;1.7025;1.8925;3.81;3.7025;0.08;0;0.085;0.0825;0.085;0.15;0;0.1175;#N/D;2.35;3.1;2.9;2;1.8;1.7;2.1;1.697215517;0.98645;0.532644393;0.240451119;0.21841572;0.493876943;0.497634288;0.425531915;0.322580645;0.344827586;0.5;0.555555556;0.092940146;0.055555556;0.107112478;-0.082129526;-0.126411867;-0.006123057;-0.057921267;1;https://www.flashscore.mobi/match/2XIKk6Xj/?t=stats;heidenheim-KWixEVWi;st-pauli-ILyJuN3g;https://www.flashscore.com/match/football/heidenheim-KWixEVWi/st-pauli-ILyJuN3g/summary/stats/2nd-half/?mid=2XIKk6Xj
15:30;Imagen;GER;Mainz;Bayern;+;Martin Petersen;G;-53.00%;1.655800095;6.627405619;12.135;14.97;1.00392;2.179285714;3.183205714;5.065;4.48;9.545;10.8;9.805;1.8825;1.9675;4.305;4.0775;0.2;0;0.1;0.15;0.17;0.2;0.25;0.31;#N/D;4.33;4;1.65;1.44;2.7;1.44;2.62;1.00392;2.179285714;0.162516764;0.195599299;0.617355172;0.592051457;0.383419778;0.230946882;0.25;0.606060606;0.694444444;0.37037037;0.087007488;0.064814815;-0.068430118;-0.054400701;0.011294566;-0.102392987;0.013049408;UNDER2.5;https://www.flashscore.mobi/match/rHNpwTmo/?t=stats;mainz-EuakNmc1;bayern-munich-nVp0wiqd;https://www.flashscore.com/match/football/mainz-EuakNmc1/bayern-munich-nVp0wiqd/summary/stats/2nd-half/?mid=rHNpwTmo
15:30;Imagen;GER;Wolfsburg;Monchengladbach;+;Tobias Stieler;G;-7.67%;1.841647566;3.404938764;13.615;12.92;1.495472759;1.731113571;3.22658633;5.04;5.46;10.5;12.265;11.155;1.88;1.725;4.355;3.98;0.04;0.04;0.1;0.09;0.15;0.2;1;0.675;#N/D;2.25;3.4;2.87;1.65;2.2;1.55;2.4;1.495472759;1.731113571;0.329828796;0.231502628;0.425621869;0.612570491;0.374382802;0.444444444;0.294117647;0.348432056;0.606060606;0.454545455;0.086994147;0.060606061;-0.114615649;-0.062615019;0.077189813;0.006509885;-0.080162653;2;https://www.flashscore.mobi/match/juKtcluH/?t=stats;wolfsburg-nwkTahLL;b-monchengladbach-88HSzjDr;https://www.flashscore.com/match/football/wolfsburg-nwkTahLL/b-monchengladbach-88HSzjDr/summary/stats/2nd-half/?mid=juKtcluH
18:30;Imagen;GER;Hamburger SV;Hoffenheim;+;Robert Schröder;G;-19.00%;2.238910477;4.056146436;13.31;12.27;1.424893103;1.653497143;3.078390246;4.805;5.31;10.115;10.23;13.23;1.9;2.2475;3.665;3.90625;0.15;0.075;0.105;0.165;0.115;0.2;0.5;0.4075;#N/D;3.9;3.9;1.75;1.5;2.5;1.44;2.62;1.424893103;1.653497143;0.328036231;0.237791266;0.423672959;0.583641727;0.405858729;0.256410256;0.256410256;0.571428571;0.666666667;0.4;0.084249084;0.066666667;0.071625974;-0.01861899;-0.147755613;-0.08302494;0.005858729;1;https://www.flashscore.mobi/match/jgaFBmfA/?t=stats;hamburger-v9k3aY5F;hoffenheim-hQAtP9Sl;https://www.flashscore.com/match/football/hamburger-v9k3aY5F/hoffenheim-hQAtP9Sl/summary/stats/2nd-half/?mid=jgaFBmfA
13:00;Imagen;GER ²;Hertha;Kiel;+;Dr. Robert Kampka;G;10.33%;3.98786265;2.508673534;;;1.794995038;1.198207813;2.993202851;5.15;4.73;9.88;;;2.34;2.65;5.065;5.0275;0.155;0.155;0.165;0.2375;0.185;0.115;0.2;0.25;#N/D;2;3.5;3.2;1.57;2.3;1.5;2.5;1.794995038;1.198207813;0.503432187;0.231782991;0.253062676;0.563563203;0.424714651;0.5;0.285714286;0.3125;0.636942675;0.434782609;0.098214286;0.071725284;0.003432187;-0.053931295;-0.059437324;-0.073379472;-0.010067958;1;https://www.flashscore.mobi/match/f180EKCi/?t=stats;hertha-berlin-2y0u8Wrq;holstein-kiel-63WsD2ei;https://www.flashscore.com/match/football/hertha-berlin-2y0u8Wrq/holstein-kiel-63WsD2ei/summary/stats/2nd-half/?mid=f180EKCi
13:00;Imagen;GER ²;Karlsruher;Hannover;+;Konrad Oldhafer;G;1.00%;3.219866071;4.106932087;;;1.425228053;1.534903438;2.960131491;4.68;4.9;9.58;;;2.4325;2.43;3.825;4.34375;0.165;0.13;0.155;0.225;0.1;0.085;0.44;0.3125;#N/D;3.75;3.8;1.78;1.5;2.45;1.44;2.5;1.425228053;1.534903438;0.35004233;0.244450031;0.397066632;0.559377618;0.432181375;0.266666667;0.263157895;0.561797753;0.666666667;0.408163265;0.091622314;0.074829932;0.083375664;-0.018707863;-0.164731121;-0.107289048;0.02401811;1;https://www.flashscore.mobi/match/8AmpCUVN/?t=stats;karlsruher-EB3q7jbk;hannover-dfNCCCzS;https://www.flashscore.com/match/football/karlsruher-EB3q7jbk/hannover-dfNCCCzS/summary/stats/2nd-half/?mid=8AmpCUVN
13:00;Imagen;GER ²;Munster;Bielefeld;+;Sascha Stegemann;G;0.00%;2.251605396;2.519533525;;;1.371154962;1.386650625;2.757805587;4.75;5.675;10.425;;;2.2425;2.41;4.7;4.67625;0.16;0.08;0.4;0.32;0.205882353;0.215;0;0.210441176;#N/D;3;3.3;2.15;1.67;2.1;1.57;2.3;1.371154962;1.386650625;0.366064323;0.255017022;0.372977381;0.514486833;0.479571894;0.333333333;0.303030303;0.465116279;0.598802395;0.476190476;0.101479915;0.074992871;0.03273099;-0.048013281;-0.092138898;-0.084315563;0.003381418;1;https://www.flashscore.mobi/match/Ot0HAxCG/?t=stats;preussen-munster-zedZaSL7;arminia-bielefeld-pp38UXK8;https://www.flashscore.com/match/football/preussen-munster-zedZaSL7/arminia-bielefeld-pp38UXK8/summary/stats/2nd-half/?mid=Ot0HAxCG
20:30;Imagen;GER ²;Darmstadt;Elversberg;+;Richard Hempel;G;-5.00%;3.40897225;3.55146496;;;1.227767939;1.409335938;2.637103876;4.77;6;10.77;;;2.6175;2.175;5.015;4.90375;0.195;0.155;0.29;0.32;0.058823529;0.13;0.22;0.204411765;#N/D;2.8;3.4;2.25;1.44;2.5;1.4;2.75;1.227767939;1.409335938;0.325871794;0.260465778;0.408680986;0.485863326;0.509155233;0.357142857;0.294117647;0.444444444;0.694444444;0.4;0.095704949;0.094444444;-0.031271063;-0.033651869;-0.035763458;-0.208581119;0.109155233;UNDER2.5;https://www.flashscore.mobi/match/SE68Cbs4/?t=stats;darmstadt-S0hPB9rA;elversberg-6in2Eknb;https://www.flashscore.com/match/football/darmstadt-S0hPB9rA/elversberg-6in2Eknb/summary/stats/2nd-half/?mid=SE68Cbs4
19:30;Imagen;GRE;PAOK;OFI Crete;#N/D;Angelos Evangelou;G;#N/D;#N/D;#N/D;;;#N/D;#N/D;;6.33;2.185;8.515;;;1.925;2.5225;4.44;4.44375;0.045;0.305;0.225;0.2875;0.17;0.095;0.45;0.3575;#N/D;1.38;4.2;7;1.73;2;2.05;1.7;#N/D;#N/D;#N/D;#N/D;#N/D;#N/D;#N/D;0.724637681;0.238095238;0.142857143;0.578034682;0.5;0.105590062;0.078034682;#N/D;#N/D;#N/D;#N/D;#N/D;#N/D;https://www.flashscore.mobi/match/UgtEbpnK/?t=stats;paok-Kry6HxA9;ofi-crete-bTObIPJB;https://www.flashscore.com/match/football/paok-Kry6HxA9/ofi-crete-bTObIPJB/summary/stats/2nd-half/?mid=UgtEbpnK
15:00;Imagen;ITA;Parma;Pisa;+;Andrea Calzavara;G;17.67%;3.238077333;0.737580919;15.68;11.57;1.463202632;0.615788953;2.078991585;4.86;3.93;8.79;10.795;13.91;2.0875;2.32;4.485;4.44625;0.07;0.14;0.135;0.1725;0.111455108;0.135;1;0.623227554;#N/D;2.05;3.1;3.6;2.2;1.67;1.95;1.85;1.463202632;0.615788953;0.574150793;0.265805797;0.15604045;0.340690423;0.655306617;0.487804878;0.322580645;0.277777778;0.454545455;0.598802395;0.088163301;0.05334785;0.086345915;-0.056774848;-0.121737328;-0.113855031;0.056504222;1;https://www.flashscore.mobi/match/0UeOP9zp/?t=stats;parma-6DxlaxHN;pisa-roasMsOT;https://www.flashscore.com/match/football/parma-6DxlaxHN/pisa-roasMsOT/summary/stats/2nd-half/?mid=0UeOP9zp
18:00;Imagen;ITA;Bologna;AS Roma;+;Marco Di Bello;G;1.67%;3.262006542;3.236812537;13.075;10.12;1.284652412;1.250833333;2.535485746;4.425;4.075;8.5;14.095;15;1.99;2.065;3.27;3.6625;0.115;0.115;0.14;0.185;0.06;0.105;0.27;0.2175;#N/D;3.1;3;2.25;2.05;1.73;1.83;1.95;1.284652412;1.250833333;0.37202159;0.267772829;0.356261308;0.461312431;0.534743297;0.322580645;0.333333333;0.444444444;0.487804878;0.578034682;0.100358423;0.06583956;0.049440945;-0.065560504;-0.088183137;-0.026492447;-0.043291385;1;https://www.flashscore.mobi/match/tjI1MzUi/?t=stats;bologna-0M9xNN8N;as-roma-zVqqL0ma;https://www.flashscore.com/match/football/bologna-0M9xNN8N/as-roma-zVqqL0ma/summary/stats/2nd-half/?mid=tjI1MzUi
20:45;Imagen;ITA;Verona;Lecce;+;Davide Massa;G;-8.33%;1.052144789;2.029765508;12.885;10.92;0.881733553;0.800176744;1.681910297;5.42;4.23;9.65;13.725;10.91;2.0275;2.065;4.58;4.33625;0;0;0.33;0.165;0.09;0.045;0.33;0.2325;#N/D;2.6;2.9;2.8;2.62;1.44;2.1;1.7;0.881733553;0.800176744;0.351422417;0.34230872;0.305775919;0.237516365;0.761990691;0.384615385;0.344827586;0.357142857;0.381679389;0.694444444;0.086585828;0.076123834;-0.033192967;-0.002518867;-0.051366938;-0.144163024;0.067546246;UNDER2.5;https://www.flashscore.mobi/match/ljxJoic3/?t=stats;verona-rJVAIaHo;lecce-G8lYsMgU;https://www.flashscore.com/match/football/verona-rJVAIaHo/lecce-G8lYsMgU/summary/stats/2nd-half/?mid=ljxJoic3
12:30;Imagen;ITA ²;Catanzaro;Spezia;+;Marco Piccinini;G;15.33%;5.72403107;2.072426118;14.465;12.175;3.110688991;1.572434864;4.683123855;4.89;5.5;10.39;13.93;17.175;2.1125;2.38;3.81;4.15125;0.145;0.18;0.265;0.295;0.07;0.1;0.33;0.25;#N/D;2.2;3.25;3.1;1.8;1.91;1.65;2.15;3.110688991;1.572434864;0.587254059;0.150884302;0.16133883;0.745473206;0.154003985;0.454545455;0.307692308;0.322580645;0.555555556;0.523560209;0.084818407;0.079115765;0.132708605;-0.156808006;-0.161241815;0.189917651;-0.369556225;OVER2.5;https://www.flashscore.mobi/match/n9dcF6ge/?t=stats;catanzaro-GnizyMB7;spezia-re6VD39b;https://www.flashscore.com/match/football/catanzaro-GnizyMB7/spezia-re6VD39b/summary/stats/2nd-half/?mid=n9dcF6ge
15:00;Imagen;ITA ²;Entella;Padova;+;Luca Massimi;G;6.33%;3.463887505;1.688032243;14.705;11.085;1.537996789;0.617256293;2.155253082;5.865;4.435;10.3;14.655;14.23;2.2725;2.295;5.375;4.97125;0.07;0.065;0.165;0.15;0.1;0.1;0;0.1;#N/D;2;3.1;3.6;2.05;1.7;1.83;1.91;1.537996789;0.617256293;0.59215526;0.254908459;0.147874422;0.360203028;0.634735113;0.5;0.322580645;0.277777778;0.487804878;0.588235294;0.100358423;0.076040172;0.09215526;-0.067672186;-0.129903356;-0.12760185;0.046499819;1;https://www.flashscore.mobi/match/KMx6r5Ns/?t=stats;entella-hUuJfYbb;padova-2gUwEtrE;https://www.flashscore.com/match/football/entella-hUuJfYbb/padova-2gUwEtrE/summary/stats/2nd-half/?mid=KMx6r5Ns
15:00;Imagen;ITA ²;Frosinone;Carrarese;+;Antonio Rapuano;G;31.00%;6.302880522;1.547519252;16.005;12.71;2.634605046;1.012461395;3.64706644;5.69;4.405;10.095;14.4;14.255;2.2925;2.4975;4.395;4.5925;0.145;0.075;0.405;0.3125;0.09;0.1;0.29;0.24;#N/D;1.6;4;4.8;1.57;2.3;1.61;2.15;2.634605046;1.012461395;0.668139973;0.158248291;0.121388397;0.653276272;0.294500389;0.625;0.25;0.208333333;0.636942675;0.434782609;0.083333333;0.071725284;0.043139973;-0.091751709;-0.086944936;0.016333597;-0.140282219;1;https://www.flashscore.mobi/match/zVxhylGE/?t=stats;frosinone-pfo9H1Wp;carrarese-hG4fg4z3;https://www.flashscore.com/match/football/frosinone-pfo9H1Wp/carrarese-hG4fg4z3/summary/stats/2nd-half/?mid=zVxhylGE
15:00;Imagen;ITA ²;Pescara;Juve Stabia;+;Daniele Perenzoni;G;4.33%;4.199985032;2.418983406;13.86;11.965;2.437656193;1.241312245;3.678968438;5.5;4.465;9.965;14.715;15.965;1.99;2.455;3.91;4.1775;0.035;0.07;0.145;0.125;0.115;0.185;0;0.15;#N/D;2.05;3.3;3.3;1.91;1.83;1.73;2;2.437656193;1.241312245;0.59909271;0.182995847;0.178217624;0.67129663;0.289009551;0.487804878;0.303030303;0.303030303;0.523560209;0.546448087;0.093865484;0.070008297;0.111287832;-0.120034456;-0.124812679;0.147736421;-0.257438536;OVER2.5;https://www.flashscore.mobi/match/tWHWT58l/?t=stats;pescara-WW0i6v4C;juve-stabia-hKSfjtsQ;https://www.flashscore.com/match/football/pescara-WW0i6v4C/juve-stabia-hKSfjtsQ/summary/stats/2nd-half/?mid=tWHWT58l
15:00;Imagen;ITA ²;Reggiana;Palermo;+;Ermanno Feliciani;G;-29.00%;0.903155853;4.891216712;12.165;12.29;0.603920183;1.733785714;2.337705898;4.24;4.885;9.125;13.585;15.855;2.0275;2.11;3.1;3.61875;0;0.255;0.08;0.1675;0.06;0.115;0.31;0.2425;#N/D;5.25;3.6;1.61;1.85;1.85;1.85;1.85;0.603920183;1.733785714;0.124543538;0.22739365;0.639268941;0.405140894;0.586065234;0.19047619;0.277777778;0.621118012;0.540540541;0.540540541;0.089371981;0.081081081;-0.065932653;-0.050384128;0.018150929;-0.135399646;0.045524694;UNDER2.5;https://www.flashscore.mobi/match/EqGvSqw1/?t=stats;reggiana-6ulJbMCe;palermo-n38Nktmn;https://www.flashscore.com/match/football/reggiana-6ulJbMCe/palermo-n38Nktmn/summary/stats/2nd-half/?mid=EqGvSqw1
15:00;Imagen;ITA ²;Sudtirol;Mantova;+;Maria Sole Ferrieri Caputi;G;-11.67%;2.248582622;3.107038047;14.07;12.675;1.240777982;1.351509354;2.592287335;5.645;4.07;9.715;16.645;14.465;1.9725;1.8825;4.79;4.3225;0.14;0.07;0.06;0.135;0.1;0.14;0;0.12;#N/D;2.2;3.1;3.1;2.05;1.7;1.85;1.85;1.240777982;1.351509354;0.340325587;0.263884869;0.391324722;0.475167661;0.520367518;0.454545455;0.322580645;0.322580645;0.487804878;0.588235294;0.099706745;0.076040172;-0.114219867;-0.058695776;0.068744077;-0.012637217;-0.067867776;2;https://www.flashscore.mobi/match/AB9mQN7D/?t=stats;sudtirol-W02MZDnp;mantova-z7WK5Pwb;https://www.flashscore.com/match/football/sudtirol-W02MZDnp/mantova-z7WK5Pwb/summary/stats/2nd-half/?mid=AB9mQN7D
17:15;Imagen;ITA ²;Venezia;Empoli;+;Mario Perri;G;51.33%;7.749198043;0.124806239;16.69;9.69;3.225137615;0.518866667;3.744004281;4.79;4.155;8.945;15.06;15.38;2.0125;2.4025;4.665;4.54;0.075;0.28;0.115;0.235;0.185;0.033333333;0.27;0.244166667;#N/D;1.35;4.6;7.5;1.55;2.3;1.75;1.95;3.225137615;0.518866667;0.77631153;0.083237525;0.032141942;0.613629719;0.278061278;0.740740741;0.217391304;0.133333333;0.64516129;0.434782609;0.091465378;0.079943899;0.035570789;-0.13415378;-0.101191391;-0.031531571;-0.156721331;1;https://www.flashscore.mobi/match/zk1ZmRaK/?t=stats;venezia-MkPmVv50;empoli-0ESCnI1H;https://www.flashscore.com/match/football/venezia-MkPmVv50/empoli-0ESCnI1H/summary/stats/2nd-half/?mid=zk1ZmRaK
19:30;Imagen;ITA ²;Cesena;Sampdoria;+;Paride Tremolada;G;0.67%;2.814627426;2.179770688;13.465;11.715;1.407523624;0.87687449;2.284398114;5.395;3.43;8.825;14.105;13.43;2.3625;2.4175;6.05;5.415;0.14;0.105;0.155;0.2;0.1;0.1;0;0.1;#N/D;2.45;2.9;2.87;2.1;1.67;1.8;1.91;1.407523624;0.87687449;0.490461459;0.272053055;0.233901754;0.396235913;0.600180356;0.408163265;0.344827586;0.348432056;0.476190476;0.598802395;0.101422907;0.074992871;0.082298194;-0.072774531;-0.114530301;-0.079954563;0.00137796;1;https://www.flashscore.mobi/match/fZa5DpO7/?t=stats;cesena-xddf1qfh;sampdoria-nJbCGx2U;https://www.flashscore.com/match/football/cesena-xddf1qfh/sampdoria-nJbCGx2U/summary/stats/2nd-half/?mid=fZa5DpO7
5:00;Imagen;MEX;Puebla;Queretaro;+;Salvador Pérez Villalobos;G;4.00%;1.628314939;2.236855596;;;0.790702586;0.881134615;1.671837202;#N/D;#N/D;#N/D;;;1.96;2.04;6.33;5.165;0.08;0.19;1;0.635;0.205882353;0.352941176;0;0.279411765;#N/D;2.37;3.2;2.55;1.75;1.91;1.61;2.1;0.790702586;0.881134615;0.302662878;0.343462073;0.35339455;0.23488107;0.764638431;0.421940928;0.3125;0.392156863;0.571428571;0.523560209;0.126597791;0.094988781;-0.11927805;0.030962073;-0.038762313;-0.336547501;0.241078222;UNDER2.5;https://www.flashscore.mobi/match/Gj7obj5c/?t=stats;puebla-pO5ijKm0;queretaro-fqJAznPc;https://www.flashscore.com/match/football/puebla-pO5ijKm0/queretaro-fqJAznPc/summary/stats/2nd-half/?mid=Gj7obj5c
16:30;Imagen;NED;Feyenoord;Groningen;+;Danny Makkelie;G;13.33%;4.184068454;2.488341893;16.31;12.845;1.493091241;1.025985773;2.519077014;6.5;4.27;10.77;10.115;12;1.42;1.6125;5.745;4.38875;0.115;0.115;0.09;0.16;0.085;0.1;1;0.5925;#N/D;1.63;4;4.4;1.5;2.5;1.53;2.37;1.493091241;1.025985773;0.475546317;0.260009055;0.259410283;0.456036673;0.538928982;0.613496933;0.25;0.227272727;0.666666667;0.4;0.09076966;0.066666667;-0.137950615;0.010009055;0.032137555;-0.210629994;0.138928982;UNDER2.5;https://www.flashscore.mobi/match/Ysz5WfvS/?t=stats;feyenoord-8zjySeoN;groningen-MBUGcjb9;https://www.flashscore.com/match/football/feyenoord-8zjySeoN/groningen-MBUGcjb9/summary/stats/2nd-half/?mid=Ysz5WfvS
18:45;Imagen;NED;Heerenveen;Sittard;+;;;17.00%;5.922879579;2.185227717;16.35;10.23;3.195607664;1.229166298;4.424773963;6.345;4.19;10.535;10.695;11.5;1.49;1.585;0;1.5375;0.04;0.04;0;0.04;0.08;0.085;0;0.0825;#N/D;1.5;4.4;5;1.44;2.6;1.55;2.3;3.195607664;1.229166298;0.653171207;0.131107846;0.109299287;0.711360473;0.182217867;0.666666667;0.227272727;0.2;0.694444444;0.384615385;0.093939394;0.079059829;-0.01349546;-0.096164881;-0.090700713;0.016916029;-0.202397517;OVER2.5;https://www.flashscore.mobi/match/QHdSktOj/?t=stats;heerenveen-EDjXSyWG;sittard-YH8HX5iP;https://www.flashscore.com/match/football/heerenveen-EDjXSyWG/sittard-YH8HX5iP/summary/stats/2nd-half/?mid=QHdSktOj
20:00;Imagen;NED;NAC Breda;Ajax;+;Serdar Gözübüyük;G;-13.00%;1.605051693;4.194359841;14.23;12.73;0.845577372;1.800500829;2.646078201;5.46;4.31;9.77;10.575;11.655;1.5775;1.8075;3.73;3.5575;0.19;0.04;0.04;0.135;0.135;0.05;0.25;0.2175;#N/D;3.3;3.5;2;1.65;2.15;1.57;2.3;0.845577372;1.800500829;0.172228807;0.227671398;0.58946394;0.482439782;0.506924364;0.303030303;0.285714286;0.5;0.606060606;0.465116279;0.088744589;0.071176885;-0.130801496;-0.058042888;0.08946394;-0.123620824;0.041808084;2;https://www.flashscore.mobi/match/jN01CZnd/?t=stats;nac-breda-nLNrHc14;ajax-8UOvIwnb;https://www.flashscore.com/match/football/nac-breda-nLNrHc14/ajax-8UOvIwnb/summary/stats/2nd-half/?mid=jN01CZnd
21:00;Imagen;NED;Twente;Nijmegen;+;Joey Kooij;G;13.33%;4.751401488;2.987962787;15.385;12.035;1.831804745;1.14755953;2.979364275;5.27;4.155;9.425;10.845;11.77;1.415;1.82;2.945;3.09;0.115;0.115;0.1;0.165;0.185;0.205882353;0.27;0.330441176;#N/D;1.75;3.9;3.8;1.4;2.7;1.4;2.7;1.831804745;1.14755953;0.522586095;0.228793956;0.236204989;0.55975583;0.42782921;0.571428571;0.256410256;0.263157895;0.714285714;0.37037037;0.090996723;0.084656085;-0.048842476;-0.0276163;-0.026952906;-0.154529884;0.05745884;UNDER2.5;https://www.flashscore.mobi/match/UDLzRY1k/?t=stats;twente-dhOKTHGA;nijmegen-nRluRF0T;https://www.flashscore.com/match/football/twente-dhOKTHGA/nijmegen-nRluRF0T/summary/stats/2nd-half/?mid=UDLzRY1k
16:00;Imagen;NOR;Fredrikstad;Viking;+;;;-26.67%;2.479068723;6.209712649;;;1.347826087;2.507621951;3.855448038;5.435;4.835;10.27;;;1.765;1.73;0;1.7475;0.07;0.035;0;0.0525;#N/D;#N/D;0;0;#N/D;4.2;3.9;1.67;1.5;2.5;1.53;2.4;1.347826087;2.507621951;0.188982756;0.181277274;0.584658926;0.69486087;0.260058086;0.238095238;0.256410256;0.598802395;0.666666667;0.4;0.09330789;0.066666667;-0.049112482;-0.075132983;-0.014143469;0.028194203;-0.139941914;OVER2.5;https://www.flashscore.mobi/match/lbtiTtmI/?t=stats;fredrikstad-bPdl4V8N;viking-bXAgOWwb;https://www.flashscore.com/match/football/fredrikstad-bPdl4V8N/viking-bXAgOWwb/summary/stats/2nd-half/?mid=lbtiTtmI
18:00;Imagen;NOR;Rosenborg;Brann;+;;;5.67%;1.798211927;3.462796822;;;0.995978261;1.955030488;2.951008749;5.565;4.5;10.065;;;1.9025;1.855;0;1.87875;0.065;0.1;0;0.0825;#N/D;#N/D;0;0;#N/D;2.55;3.5;2.4;1.61;2.15;1.57;2.3;0.995978261;1.955030488;0.18657877;0.215788541;0.582064592;0.550176617;0.434255286;0.392156863;0.285714286;0.416666667;0.621118012;0.465116279;0.094537815;0.086234291;-0.205578093;-0.069925744;0.165397926;-0.070941395;-0.030860993;2;https://www.flashscore.mobi/match/rabPAYWj/?t=stats;rosenborg-G8LlPCOi;brann-QBbt6ivB;https://www.flashscore.com/match/football/rosenborg-G8LlPCOi/brann-QBbt6ivB/summary/stats/2nd-half/?mid=rabPAYWj
14:45;Imagen;POL;Korona;Katowice;+;Bartosz Frankowski;G;-11.33%;2.873328023;3.522553626;;;1.444036638;1.445178344;2.889214982;5.46;4.3;9.76;;;1.9875;1.85;4.28;4.05875;0.05;0.04;0.075;0.0825;0.065;0.085;0.47;0.31;#N/D;2.2;3.2;3;1.73;2;1.6;2.25;1.444036638;1.445178344;0.371897367;0.248276383;0.372393904;0.544104928;0.448462726;0.454545455;0.3125;0.333333333;0.578034682;0.5;0.100378788;0.078034682;-0.082648087;-0.064223617;0.039060571;-0.033929754;-0.051537274;2;https://www.flashscore.mobi/match/xYq6JI0S/?t=stats;korona-kielce-pp78XcbA;gks-katowice-K4AgRmS1;https://www.flashscore.com/match/football/korona-kielce-pp78XcbA/gks-katowice-K4AgRmS1/summary/stats/2nd-half/?mid=xYq6JI0S
17:30;Imagen;POL;Lechia;Rakow;+;;;4.33%;4.160558534;3.342669729;;;2.115215948;1.514678981;3.629894929;4.455;5.085;9.54;;;1.895;1.9375;0;1.91625;0.04;0.04;0;0.04;0.1;0.205;0;0.1525;#N/D;2.45;3.5;2.5;1.73;2;1.61;2.2;2.115215948;1.514678981;0.493985153;0.209234033;0.271122499;0.67685284;0.297488845;0.408163265;0.285714286;0.4;0.578034682;0.5;0.093877551;0.078034682;0.085821888;-0.076480253;-0.128877501;0.098818157;-0.202511155;OVER2.5;https://www.flashscore.mobi/match/fkhkN013/?t=stats;lechia-gdansk-GGLmkiK8;rakow-czestochowa-SQOrbYim;https://www.flashscore.com/match/football/lechia-gdansk-GGLmkiK8/rakow-czestochowa-SQOrbYim/summary/stats/2nd-half/?mid=fkhkN013
20:15;Imagen;POL;Cracovia;Pogon Szczecin;+;Damian Sylwestrzak;G;-10.00%;2.518139106;2.646351827;;;1.183832759;1.027324841;2.211157599;5;4.865;9.865;;;2.1525;2.265;4.665;4.54125;0.045;0.045;0.18;0.135;0.05;0.12;0.29;0.23;#N/D;2.25;3;3.1;1.85;1.85;1.73;2;1.183832759;1.027324841;0.393231167;0.289264314;0.315421022;0.378193049;0.619723453;0.444444444;0.333333333;0.322580645;0.540540541;0.540540541;0.100358423;0.081081081;-0.051213278;-0.04406902;-0.007159624;-0.162347491;0.079182913;UNDER2.5;https://www.flashscore.mobi/match/Y3VyEdOk/?t=stats;cracovia-KvXSf2A6;pogon-szczecin-Um9YwPQ0;https://www.flashscore.com/match/football/cracovia-KvXSf2A6/pogon-szczecin-Um9YwPQ0/summary/stats/2nd-half/?mid=Y3VyEdOk
16:30;Imagen;POR ;Tondela;Nacional;+;Hélder Malheiro;G;-9.33%;1.400395246;2.167689552;11.99;13.955;0.885905882;0.765512248;1.651418131;4.33;4.845;9.175;12.605;13.575;2.58;2.585;4.88;5.0225;0.075;0.16;0.365;0.3;0.15;0.225;1;0.6875;#N/D;2.8;3.1;2.4;1.85;1.85;1.67;2.1;0.885905882;0.765512248;0.360883058;0.345620366;0.293034737;0.22954876;0.769989401;0.357142857;0.322580645;0.416666667;0.540540541;0.540540541;0.096390169;0.081081081;0.003740201;0.023039721;-0.12363193;-0.310991781;0.229448861;UNDER2.5;https://www.flashscore.mobi/match/pze6fwGc/?t=stats;tondela-nFFgCnVo;nacional-4ETLrR7n;https://www.flashscore.com/match/football/tondela-nFFgCnVo/nacional-4ETLrR7n/summary/stats/2nd-half/?mid=pze6fwGc
19:00;Imagen;POR;Benfica;Moreirense;+;Iancu Vasilica;G;45.33%;6.991594556;0.329672205;15.405;8.03;2.561239916;0.350026846;2.911266762;5.305;2.94;8.245;14.01;15.44;2.16;2.3425;3.895;4.19875;0.04;0.125;0.125;0.145;0.335;0.0625;0.25;0.32375;#N/D;1.12;9;19;1.4;2.75;2.25;1.57;2.561239916;0.350026846;0.804565033;0.115266639;0.033928855;0.510399583;0.443360943;0.892857143;0.111111111;0.052631579;0.714285714;0.363636364;0.056599833;0.077922078;-0.08829211;0.004155528;-0.018702724;-0.203886131;0.07972458;UNDER2.5;https://www.flashscore.mobi/match/jgZl5fUF/?t=stats;benfica-zBkyuyRI;moreirense-8d9NGt9H;https://www.flashscore.com/match/football/benfica-zBkyuyRI/moreirense-8d9NGt9H/summary/stats/2nd-half/?mid=jgZl5fUF
21:30;Imagen;POR;Guimaraes;Rio Ave;+;David Silva;G;-0.33%;3.176204723;2.832382413;15.51;10.615;1.41509916;1.136821309;2.551920468;6.1;3.71;9.81;15.7;13.95;2.7275;2.9175;5.735;5.69;0.155;0.04;0.275;0.235;0.1;0.085;0.21;0.1975;#N/D;1.85;3.5;3.9;1.85;1.85;1.75;1.95;1.41509916;1.136821309;0.430290365;0.263700267;0.301498522;0.464923657;0.530565496;0.540540541;0.285714286;0.256410256;0.540540541;0.540540541;0.082665083;0.081081081;-0.110250176;-0.022014019;0.045088265;-0.075616884;-0.009975044;2;https://www.flashscore.mobi/match/bJxc3YbS/?t=stats;vitoria-guimaraes-pQYVZyD2;rio-ave-jPzXLi4l;https://www.flashscore.com/match/football/vitoria-guimaraes-pQYVZyD2/rio-ave-jPzXLi4l/summary/stats/2nd-half/?mid=bJxc3YbS
12:00;Imagen;POR ²;Leixoes;Portimonense;+;;;7.33%;4.086676408;2.673086867;;;1.858289316;1.518140625;3.376429941;#N/D;#N/D;#N/D;;;;;0;0;;;0;0;#N/D;#N/D;0;0;#N/D;1.91;3.2;3.6;1.95;1.75;1.8;1.91;1.858289316;1.518140625;0.446651383;0.224045421;0.312666882;0.639055132;0.344308555;0.523560209;0.3125;0.277777778;0.512820513;0.571428571;0.113837987;0.084249084;-0.076908826;-0.088454579;0.034889105;0.12623462;-0.227120017;OVER2.5;https://www.flashscore.mobi/match/tzbL1pRG/?t=stats;#N/D;#N/D;#N/D
15:00;Imagen;POR ²;Farense;Academico Viseu;+;João Gonçalves;G;-17.67%;1.864117738;4.169828817;;;0.852278846;1.548334375;2.400613221;#N/D;#N/D;#N/D;;;;;5.085;5.085;;;0.575;0.575;#N/D;#N/D;0.47;0.47;#N/D;2.7;2.9;2.5;2.1;1.65;1.83;1.85;0.852278846;1.548334375;0.206497568;0.25606048;0.532007603;0.425017111;0.56954854;0.37037037;0.344827586;0.4;0.476190476;0.606060606;0.115197957;0.082251082;-0.163872802;-0.088767106;0.132007603;-0.051173365;-0.036512066;2;https://www.flashscore.mobi/match/KbdNHdHE/?t=stats;#N/D;#N/D;#N/D
19:00;Imagen;POR ²;Felgueiras;Uniao de Leiria;+;;;-16.67%;1.741639614;3.55053775;;;0.433515385;1.001995313;1.435510697;#N/D;#N/D;#N/D;;;;;0;0;;;0;0;#N/D;#N/D;0;0;#N/D;2.62;2.9;2.55;2.1;1.67;1.8;1.91;0.433515385;1.001995313;0.157056333;0.353156976;0.489180001;0.174541062;0.824852248;0.381679389;0.344827586;0.392156863;0.476190476;0.598802395;0.118663838;0.074992871;-0.224623056;0.00832939;0.097023138;-0.301649414;0.226049853;UNDER2.5;https://www.flashscore.mobi/match/v3JzfgP7/?t=stats;#N/D;#N/D;#N/D
14:00;Imagen;RUM;Botosani;Otelul;#N/D;;;#N/D;#N/D;#N/D;;;#N/D;#N/D;;#N/D;#N/D;#N/D;;;-0.0525;0;0;-0.02625;0.17;0.1;0;0.135;0.184210526;0.157894737;0;0.171052632;#N/D;2;3;3.7;2.1;1.67;1.85;1.85;#N/D;#N/D;#N/D;#N/D;#N/D;#N/D;#N/D;0.5;0.333333333;0.27027027;0.476190476;0.598802395;0.103603604;0.074992871;#N/D;#N/D;#N/D;#N/D;#N/D;#N/D;https://www.flashscore.mobi/match/SOQ3H5kR/?t=stats;#N/D;#N/D;#N/D
19:30;Imagen;RUM;CFR Cluj;U. Cluj;#N/D;Szabolcs Kovacs;G;#N/D;#N/D;#N/D;;;#N/D;#N/D;;#N/D;#N/D;#N/D;;;1.8325;1.9325;4.15;3.9575;0.07;0.1;0.115;0.1425;0.078947368;0.105263158;0.19;0.187105263;#N/D;2.2;3.1;3.25;1.95;1.75;1.75;1.95;#N/D;#N/D;#N/D;#N/D;#N/D;#N/D;#N/D;0.454545455;0.322580645;0.307692308;0.512820513;0.571428571;0.084818407;0.084249084;#N/D;#N/D;#N/D;#N/D;#N/D;#N/D;https://www.flashscore.mobi/match/x4PRSEWb/?t=stats;#N/D;#N/D;#N/D
16:00;Imagen;SCO;Aberdeen;Kilmarnock;+;Nick Walsh;G;2.67%;3.085443602;2.572251029;;;1.996515517;1.331179114;3.327694631;6.57;4.12;10.69;;;2.025;2.25;4.03;4.1525;0.105;0.135;0.175;0.2075;0.227631579;0.077631579;0.24;0.272631579;#N/D;2;3.3;3.5;1.75;1.95;1.67;2.1;1.996515517;1.331179114;0.512628683;0.216720927;0.251747983;0.62720265;0.353894945;0.5;0.303030303;0.285714286;0.571428571;0.512820513;0.088744589;0.084249084;0.012628683;-0.086309376;-0.033966302;0.055774078;-0.158925568;OVER2.5;https://www.flashscore.mobi/match/Yu8JGoHd/?t=stats;aberdeen-AmdbMiWq;kilmarnock-jX8ezy7G;https://www.flashscore.com/match/football/aberdeen-AmdbMiWq/kilmarnock-jX8ezy7G/summary/stats/2nd-half/?mid=Yu8JGoHd
16:00;Imagen;SCO;St. Mirren;Livingston;+;David Dickinson;G;24.67%;2.597821607;1.37192784;;;1.183913793;1.019168987;2.20308278;6.035;4.325;10.36;;;1.9525;1.9025;4.265;4.06;0.175;0.07;0.175;0.21;0.239766082;0.159356725;0.39;0.394561404;#N/D;1.67;3.6;4.8;1.8;1.91;1.75;2;1.183913793;1.019168987;0.395103644;0.289768495;0.313071248;0.376056149;0.621887238;0.598802395;0.277777778;0.208333333;0.555555556;0.523560209;0.084913506;0.079115765;-0.203698752;0.011990718;0.104737915;-0.179499407;0.098327029;2;https://www.flashscore.mobi/match/nc12Ocz3/?t=stats;st-mirren-tAVXZEyT;livingston-MoYV5dic;https://www.flashscore.com/match/football/st-mirren-tAVXZEyT/livingston-MoYV5dic/summary/stats/2nd-half/?mid=nc12Ocz3
18:30;Imagen;SCO;Celtic;Falkirk;+;Ryan Lee;G;26.67%;6.395148052;2.19342986;;;2.812403017;1.229508228;4.041911245;7.14;3.86;11;;;1.6075;1.91;3.39;3.45375;0.105;0.035;0.215;0.1775;0.210526316;0.105263158;0.42;0.367894737;#N/D;1.4;4.75;6.5;1.44;2.62;1.61;2.2;2.812403017;1.229508228;0.636839881;0.155934046;0.139447562;0.700195116;0.232026373;0.714285714;0.210526316;0.153846154;0.694444444;0.381679389;0.078658184;0.076123834;-0.077445833;-0.05459227;-0.014398592;0.005750671;-0.149653016;OVER2.5;https://www.flashscore.mobi/match/OSPgevkJ/?t=stats;celtic-QFKRRD8M;falkirk-nHDF1ZUj;https://www.flashscore.com/match/football/celtic-QFKRRD8M/falkirk-nHDF1ZUj/summary/stats/2nd-half/?mid=OSPgevkJ
14:00;Imagen;ESP;Alaves;Mallorca;+;Javier Alberola Rojas;G;-1.00%;3.544738707;2.591603951;14.785;10.42;2.127144144;1.472531847;3.599675991;6.64;3.91;10.55;13.92;12.915;1.695;2.0425;3.67;3.70375;0.255;0.145;0.225;0.3125;0.16;0.145;0.59;0.4475;#N/D;2.1;3.1;3.6;2.1;1.73;1.83;1.95;2.127144144;1.472531847;0.504815628;0.208460247;0.261130188;0.671601846;0.302804217;0.476190476;0.322580645;0.277777778;0.476190476;0.578034682;0.076548899;0.054225158;0.028625151;-0.114120398;-0.01664759;0.19541137;-0.275230465;OVER2.5;https://www.flashscore.mobi/match/GtMAzwPH/?t=stats;alaves-hxt57t2q;mallorca-4jDQxrbf;https://www.flashscore.com/match/football/alaves-hxt57t2q/mallorca-4jDQxrbf/summary/stats/2nd-half/?mid=GtMAzwPH
16:15;Imagen;ESP;Getafe;Barcelona;+;Francisco José Hernández Maeso;G;-36.00%;2.244817517;4.938316017;10.295;14.585;0.755090541;1.018042994;1.773133534;4.655;5.39;10.045;13.645;12.685;2.4075;2.195;3.655;4.12875;0.295;0.11;0.195;0.3;0.06;0.095;0.6;0.3775;#N/D;5;3.7;1.65;1.8;2;1.85;1.91;0.755090541;1.018042994;0.263997879;0.327661198;0.407554105;0.261408945;0.737804236;0.2;0.27027027;0.606060606;0.555555556;0.5;0.076330876;0.055555556;0.063997879;0.057390927;-0.198506501;-0.29414661;0.237804236;UNDER2.5;https://www.flashscore.mobi/match/MsROsfWp/?t=stats;getafe-dboeiWOt;barcelona-SKbpVP5K;https://www.flashscore.com/match/football/getafe-dboeiWOt/barcelona-SKbpVP5K/summary/stats/2nd-half/?mid=MsROsfWp
18:30;Imagen;ESP;Valencia;Girona;+;Alejandro Muñiz Ruiz;G;11.33%;3.436630389;2.108058217;14.3;9.975;1.536689189;1.004666083;2.541355272;6.15;4.025;10.175;13.38;11.815;2.135;2.5625;4.815;4.75625;0.07;0.075;0.335;0.24;0.145;0.205;0.47;0.41;#N/D;2.05;3.3;3.4;1.85;1.91;1.7;2.1;1.536689189;1.004666083;0.491289316;0.256159538;0.246948984;0.461148291;0.533249546;0.487804878;0.303030303;0.294117647;0.540540541;0.523560209;0.084952828;0.06410075;0.003484438;-0.046870765;-0.047168663;-0.079392249;0.009689337;UNDER2.5;https://www.flashscore.mobi/match/t4XJ1FNG/?t=stats;valencia-CQeaytrD;girona-nNNpcUSL;https://www.flashscore.com/match/football/valencia-CQeaytrD/girona-nNNpcUSL/summary/stats/2nd-half/?mid=t4XJ1FNG
21:00;Imagen;ESP;Atl. Madrid;Ath. Bilbao;+;Jesús Gil Manzano;G;29.33%;6.056095557;1.291894523;14.145;10.72;2.55212973;0.82586035;3.37799008;6.145;4.255;10.4;10.925;11.605;2.055;2.3175;4.7;4.53625;0;0.115;0.385;0.25;0.075;0.13;0.35;0.2775;#N/D;2.05;3.5;3.25;1.91;1.85;1.75;2.05;2.55212973;0.82586035;0.701262574;0.154052217;0.098882445;0.610192453;0.344004784;0.487804878;0.285714286;0.307692308;0.523560209;0.540540541;0.081211471;0.06410075;0.213457696;-0.131662069;-0.208809862;0.086632243;-0.196535756;1;https://www.flashscore.mobi/match/2cphmG8N/?t=stats;atl-madrid-jaarqpLQ;ath-bilbao-IP5zl0cJ;https://www.flashscore.com/match/football/atl-madrid-jaarqpLQ/ath-bilbao-IP5zl0cJ/summary/stats/2nd-half/?mid=2cphmG8N
16:15;Imagen;ESP ²;Valladolid;Real Sociedad B;+;Marta Huerta de Haza;G;2.67%;3.18449402;2.062299402;15.39;10.785;1.730463913;0.889662842;2.620126756;5.465;3.215;8.68;14.035;14.825;2.1425;2.125;3.775;4.02125;0.105;0.07;0.215;0.195;0.095;0.15;0.31;0.2775;#N/D;1.55;3.9;5.8;1.75;1.95;1.85;1.85;1.730463913;0.889662842;0.563814188;0.236126492;0.19106123;0.477613234;0.513388677;0.64516129;0.256410256;0.172413793;0.571428571;0.512820513;0.07398534;0.084249084;-0.081347102;-0.020283764;0.018647437;-0.093815337;0.000568164;2;https://www.flashscore.mobi/match/U72TFbM0/?t=stats;valladolid-zkpajjvm;real-sociedad-UJOGLItN;https://www.flashscore.com/match/football/valladolid-zkpajjvm/real-sociedad-UJOGLItN/summary/stats/2nd-half/?mid=U72TFbM0
18:30;Imagen;ESP ²;Burgos CF;La Coruna;+;Andrés Fuentes Molina;G;3.00%;4.174278999;2.681733333;13.1;11.37;1.353886304;0.782126027;2.136012332;3.965;4.135;8.1;12.83;12.965;2.6125;2.5275;4.895;5.0175;0.135;0.1;0.265;0.25;0.17;0.105263158;0.32;0.297631579;#N/D;2.55;2.75;3.1;2.62;1.44;2.15;1.61;1.353886304;0.782126027;0.500503938;0.280486415;0.216125694;0.35719934;0.639916708;0.392156863;0.363636364;0.322580645;0.381679389;0.694444444;0.078373872;0.076123834;0.108347075;-0.083149949;-0.106454951;-0.024480049;-0.054527737;1;https://www.flashscore.mobi/match/KdFcPBgc/?t=stats;burgos-cf-vTxTEFi6;dep-la-coruna-Q51ZzMS6;https://www.flashscore.com/match/football/burgos-cf-vTxTEFi6/dep-la-coruna-Q51ZzMS6/summary/stats/2nd-half/?mid=KdFcPBgc
21:00;Imagen;ESP ²;Malaga;Castellon;+;Carlos Muñiz Muñoz;G;11.00%;5.894940914;3.034556997;12.365;12.8;3.110955217;1.661876027;4.772831245;3.7;5.035;8.735;13.7;13.035;2.13;2.265;3.755;4.075;0.165;0.165;0.295;0.3125;0.195;0.14;0.11;0.2225;#N/D;2.7;3.2;2.55;1.65;2.15;1.53;2.4;3.110955217;1.661876027;0.570703743;0.153803254;0.173460565;0.752832072;0.14513549;0.37037037;0.3125;0.392156863;0.606060606;0.465116279;0.075027233;0.071176885;0.200333373;-0.158696746;-0.218696298;0.146771466;-0.319980789;1;https://www.flashscore.mobi/match/2iZuP2aE/?t=stats;malaga-25tIqYiJ;castellon-QyHHzdwl;https://www.flashscore.com/match/football/malaga-25tIqYiJ/castellon-QyHHzdwl/summary/stats/2nd-half/?mid=2iZuP2aE
13:30;Imagen;TUR;Eyupspor;Gaziantep;+;;;-5.67%;1.355808213;3.194909115;13.96;12.665;0.745770325;1.291613669;2.037383994;4.46;3.915;8.375;13.92;14.085;2.3425;2.3225;0;2.3325;0;0.125;0;0.0625;0.05;0.17;0;0.11;#N/D;2.5;3.3;2.55;1.8;1.91;1.65;2.15;0.745770325;1.291613669;0.215234119;0.289626748;0.492852029;0.331154059;0.666558837;0.4;0.303030303;0.392156863;0.555555556;0.523560209;0.095187166;0.079115765;-0.184765881;-0.013403556;0.100695166;-0.224401497;0.142998627;UNDER2.5;https://www.flashscore.mobi/match/0vDX6WBa/?t=stats;eyupspor-276zKCgt;gaziantep-ITkIKZ7q;https://www.flashscore.com/match/football/eyupspor-276zKCgt/gaziantep-ITkIKZ7q/summary/stats/2nd-half/?mid=0vDX6WBa
16:00;Imagen;TUR;Kayserispor;Rizespor;+;Gürcan Hasova;G;-15.33%;0.912090276;4.6769487;13.39;11.735;0.530643293;2.288395683;2.819038976;5.075;4.17;9.245;12.885;13.345;2.27;2.2275;5.455;4.97625;0.04;0.09;0.135;0.1325;0.117647059;0.185;0.5;0.401323529;#N/D;2.45;3.3;2.62;1.7;2.05;1.57;2.25;0.530643293;2.288395683;0.069806181;0.157311935;0.743506827;0.505697293;0.46492765;0.408163265;0.303030303;0.381679389;0.588235294;0.487804878;0.092872958;0.076040172;-0.338357084;-0.145718368;0.361827437;-0.082538001;-0.022877228;2;https://www.flashscore.mobi/match/UJ4l3lBO/?t=stats;kayserispor-8pwUEwoc;rizespor-EFRnJdkr;https://www.flashscore.com/match/football/kayserispor-8pwUEwoc/rizespor-EFRnJdkr/summary/stats/2nd-half/?mid=UJ4l3lBO
19:00;Imagen;TUR;Goztepe;Antalyaspor;+;Oğuzhan Çakır;G;12.33%;3.685320423;1.565597024;14.17;8.915;1.608986992;0.958597122;2.567584114;5.955;4;9.955;16;10.915;2.21;2.23;3.75;4.095;0.085;0.085;0.155;0.1625;0.115;0.058823529;0.38;0.276911765;#N/D;1.7;3.5;4.75;1.85;1.85;1.85;1.85;1.608986992;0.958597122;0.519615588;0.249299899;0.22440974;0.466727727;0.526597499;0.588235294;0.285714286;0.210526316;0.540540541;0.540540541;0.084475896;0.081081081;-0.068619706;-0.036414387;0.013883424;-0.073812813;-0.013943041;2;https://www.flashscore.mobi/match/bco18OV6/?t=stats;goztepe-0MJlDkrA;antalyaspor-GAtxDHF9;https://www.flashscore.com/match/football/goztepe-0MJlDkrA/antalyaspor-GAtxDHF9/summary/stats/2nd-half/?mid=bco18OV6
19:00;Imagen;USA;Toronto FC;Atlanta Utd;+;Ismail Elfath;G;27.00%;5.497272697;-0.071453053;;;2.519767773;0.589385204;3.109152978;3;1.5;4.5;;;1.6775;2.4675;3.335;3.74;0.165;0.335;0.115;0.3075;0.071428571;0.071428571;0;0.071428571;#N/D;1.85;3.5;3.8;1.73;2;1.65;2.15;2.519767773;0.589385204;0.750416228;0.140006674;0.066188788;0.557426589;0.3991851;0.540540541;0.285714286;0.263157895;0.578034682;0.5;0.089412721;0.078034682;0.209875687;-0.145707612;-0.196969107;-0.020608093;-0.1008149;1;https://www.flashscore.mobi/match/xfaun7np/?t=stats;toronto-fc-zsdfgnmL;#N/D;#N/D
20:30;Imagen;USA;CF Montreal;New York City;+;Ramy Touchan;G;-1.33%;3.440711418;4.018636212;;;2.232617188;2.200063776;4.432680963;1.5;1.5;3;;;1.98;1.855;4.935;4.385;0.5;0;0.12;0.31;0.214285714;0.214285714;0.2;0.314285714;#N/D;2.7;3.3;2.4;1.73;2;1.6;2.25;2.232617188;2.200063776;0.38211726;0.195404865;0.37173087;0.767960183;0.181292811;0.37037037;0.303030303;0.416666667;0.578034682;0.5;0.09006734;0.078034682;0.011746889;-0.107625438;-0.044935796;0.189925501;-0.318707189;OVER2.5;https://www.flashscore.mobi/match/A7cmpoHd/?t=stats;cf-montreal-j9cigLCr;new-york-city-vZraQYnO;https://www.flashscore.com/match/football/cf-montreal-j9cigLCr/new-york-city-vZraQYnO/summary/stats/2nd-half/?mid=A7cmpoHd
22:45;Imagen;USA;Minnesota;Los Angeles FC;+;Guido Gonzales Jr.;G;15.33%;3.521734531;2.707783358;;;0.623201563;0.796316327;1.419517889;4.5;10;14.5;;;1.985;2.11;4.22;4.1575;0.5;0;0.135;0.3175;0;0.142857143;0.23;0.186428571;#N/D;2.5;3.3;2.6;1.7;2.05;1.55;2.3;0.623201563;0.796316327;0.259442547;0.377579235;0.362750521;0.171010833;0.82876147;0.4;0.303030303;0.384615385;0.588235294;0.487804878;0.087645688;0.076040172;-0.140557453;0.074548932;-0.021864864;-0.417224461;0.340956592;UNDER2.5;https://www.flashscore.mobi/match/YRouIDFD/?t=stats;minnesota-united-zXFxsw2a;los-angeles-fc-txUJt9AR;https://www.flashscore.com/match/football/minnesota-united-zXFxsw2a/los-angeles-fc-txUJt9AR/summary/stats/2nd-half/?mid=YRouIDFD
